Organization Name;Minimum Estimated Revenue;Last Funding Amount Currency;Total Funding Amount Currency;Number of Investors;Money Raised at IPO Currency;Valuation at IPO Currency;Trend Score;CB Rank
Xiaomi;;1000000000;3447000000;27;4714426783;52700000000;-0.20;1
Ola;100000000;300000000;3789022963;38;;;3.10;2
ByteDance;;1300000000;4300000000;10;;;9.80;3
Tencent Holdings;;44350000;76770000;4;;11000000000;-0.40;4
Alibaba Group;;1000000000;8907000000;31;;;3.60;5
Ant Financial;;14000000000;22000000000;12;;;-0.50;6
Techstars;1000000;27800000;61800000;9;;;5.50;7
Dynamic Yield;1000000;38000000;83250000;21;;;9.90;8
Mayo Clinic;;200000000;371100000;3;;;1.60;9
OurCrowd;;72000000;112500000;12;;;9.80;10
SoftBank;;1000000000;1000000000;1;;;7.60;11
Atlassian;;150000000;210000000;4;462000000;4400000000;8.10;12
Apple;;5000000000;6150250000;4;101200000;1192737304;4.10;13
Uber;10000000000;2000000000;24212450000;96;;;-0.10;14
Rent the Runway;100000000;125000000;541150000;15;;;9.30;14
Revolut;10000000;;336445269;27;;;9.10;16
Epic Games;;1250000000;1580000000;10;;;-1.00;17
Merck & Co., Inc.;;586000;5586000;2;;;6.90;18
Lyft;1000000000;600000000;4912500000;68;2340000000;24000000000;7.50;19
PagerDuty;50000000;90000000;173600000;15;217680000;1766000000;9.70;20
WhatsApp;;52000000;60250000;1;;;7.50;21
Affirm;50000000;300000000;1020000000;19;;;9.70;22
Impossible Foods;50000000;114000000;387500000;12;;;2.00;23
ezCater;;150000000;319790000;20;;;9.80;24
Seedrs;1000000;;42041355;8;;;8.70;25
Ericsson;;293160564;663160564;4;;;6.40;26
Novartis;;6500000;6500000;1;;;-0.70;27
Citigroup;;1200000000;8700000000;2;;;-2.40;28
Facebook;;;2335700000;25;18400000000;104000000000;-1.40;29
Dream11;;;100000000;4;;;9.50;30
FreightWaves;1000000;21000000;39400000;15;;;7.80;31
Hulu;100000000;583000000;683000000;3;;;4.00;32
Okta;;75000000;229250000;15;187000000;1500000000;9.70;33
GitHub;;250000000;350000000;5;;;6.10;35
Warby Parker;10000000;75000000;290500000;27;;;8.90;35
Airbnb;100000000;;4398082100;53;;;-0.90;36
Nykaa;;14400000;107931603;10;;;9.90;37
Twitter;;;1460166511;30;1820000000;24565826402;2.80;38
Quora;;85000000;226000000;14;;;5.80;39
Square;;;590500000;42;243000000;2900000000;5.50;40
Debenhams;;264279343;315842745;;;;10.00;41
Klarna;;93000000;774713450;27;;;7.40;42
Toyota Motor Corporation;;201600000;243600000;1;;;-1.90;44
Airwallex;;100000000;202000000;15;;;9.80;45
Super League Gaming;;15000000;33990000;9;25000000;91700000;9.40;45
Instagram;;50000000;57500000;11;;;6.30;47
Onfido;1000000;50000000;110300000;33;;;9.80;47
ServiceNow;;10980000;83703892;3;209700000;2165215860;5.70;49
Deliveroo;;;956597403;25;;;-0.40;50
Jet Airways;;293695854;593695854;1;;;7.90;51
OneWeb;;1250000000;2950000000;12;;;9.90;52
Bitmain;;422000000;764700000;11;;;-2.20;52
Tinder;1000000;;50000000;2;;;9.60;53
Starling Bank;;;310773989;4;;;8.30;55
Jet;;350000000;570000000;21;;;9.70;55
DocuSign;;;537262499;47;629000000;4498000000;5.90;57
Kabbage;;700000000;2250363500;26;;;9.00;57
Netflix;;1900000000;3103735952;7;82050000;309721110;-1.40;59
Boston Scientific;;1000000000;1000000000;;;;-1.40;60
Redis Labs;;60000000;146600000;7;;;8.30;61
Shopify;;;253250000;7;131000000;1270000000;9.00;61
Tesla;;520717101;15069184631;34;226000000;;-0.10;62
Postmates;;100000000;678010000;31;;;-2.00;63
Nokia;;283861884;868070946;2;;;-2.80;65
Delhivery;100000000;413000000;670569361;7;;;9.30;65
Stitch Fix;;43000000;122350773;4;120000000;1431000000;5.30;66
Patreon;;59400000;105900000;23;;;5.70;67
Medium;;50000000;132000000;19;;;9.70;68
eToro;;50000000;222700000;21;;;9.40;69
Walmart;;;;;;;6.20;71
Beyond Meat;10000000;50000000;122000000;14;;;1.40;71
Niantic;;245000000;470000000;19;;;9.50;72
Animoca Brands;1000000;3300000;27094000;13;;;9.30;73
Fitbit;;43000000;66000000;7;23768811;133131320;-0.20;74
Twilio;;27600000;261300000;26;150000000;1960000000;8.90;75
Boston Dynamics;;37000000;37000000;1;;;10.00;76
Indigo;;250000000;609000000;5;;;2.60;77
Twitch;;20000000;35000000;7;;;9.20;78
Indiegogo;;;56500000;22;;;-0.80;79
Roku;;45500000;208609000;13;219352000;1326000000;7.30;80
Dollar Shave Club;;90700000;163500000;27;;;-0.30;81
SoundCloud;;169500000;467820688;16;;;2.90;82
Faraday Future;;600000000;2613750000;2;;;4.40;83
Business Insider;;25000000;55600000;15;;;-2.60;84
Lemonade;10000000;300000000;480000000;12;;;9.50;85
SurveyMonkey;;250000000;1144000000;21;180000000;1466000000;6.40;86
HotelTonight;;9200000;126885000;19;;;9.50;87
Grubhub;;200000000;284100000;10;192500000;2670000000;7.80;87
Pure Storage;;60000000;530856468;14;425000000;3100000000;8.40;89
Shift;10000000;40000000;293000000;24;;;9.50;90
Perch;1000000;200000000;250000000;3;;;9.60;92
Siemens AG;;5169148062;5178048062;1;;;-1.90;92
The Athletic;1000000;40000000;67700000;17;;;9.30;93
Spotify;;;2755424678;48;9245000000;29500000000;1.70;95
BuzzFeed;;200000000;496300000;15;;;-1.20;95
Trusted Insight;;;7700000;17;;;8.70;96
Delivery Hero;;777567415;2593527255;26;1138129627;5142151933;-0.60;97
Lenovo;;500000000;850025000;6;;;-2.10;98
Carousell;10000000;56000000;182800000;12;;;7.10;99
MongoDB;;;311000000;16;256000000;1570000000;3.10;100
Trendlines Group;;9811572;43847572;;17859426;;9.90;101
Docker;;91935439;272855439;30;;;9.20;102
Kyriba;50000000;160000000;312500000;13;;;9.60;103
NVIDIA;;4000000000;4025000000;4;;;0.00;104
Theranos;;100000000;1368500318;16;;;8.00;105
CleverTap;1000000;26000000;41600000;4;;;9.40;106
Centene Corporation;;21102000;21102000;;49000000;;8.80;108
NIO;;;2452417780;24;1000000000;6422000000;7.80;109
Grindr;;93000000;93000000;1;;;7.10;109
Proxy;1000000;13600000;16800000;9;;;9.90;111
Ouster;1000000;60000000;90000000;10;;;7.70;112
SambaNova Systems;1000000;150000000;206000000;5;;;9.40;113
Hotstar;1000000000;153000000;226757381;1;;;9.00;113
Credit Karma;100000000;500000000;868000000;12;;;-0.40;115
ShopBack;1000000;45000000;71100000;14;;;9.80;115
Sauce Labs;10000000;50000000;151000000;9;;;9.40;116
Alliance of American Football;;10000000;17000000;5;;;9.90;117
Blackbuck;;79444179;214600575;9;;;8.90;119
Cresco Labs;;100000000;104000000;;;;9.60;119
Bayer AG;;3711777966;3711777966;1;;;8.60;120
Discord;;150000000;279300000;16;;;7.20;121
ThirdLove;1000000;55000000;68600000;42;;;9.60;122
Glassdoor;;;204500000;9;;;-0.80;123
1stdibs;;76000000;253000000;6;;;9.40;124
Cohesity;10000000;250000000;410000000;15;;;1.60;125
ClimaCell;;7000000;74950000;13;;;9.60;127
MoviePass;;65000000;68700000;21;;;-0.10;128
HubSpot;;35000000;100500000;12;125000000;759000000;-0.10;129
Farfetch;;397000000;701500000;20;885000000;5800000000;-0.10;130
Eurazeo;;890972269;890972269;1;;;9.80;131
Vlocity;;60000000;152800000;8;;;9.50;132
JetSmarter;10000000;;130200000;7;;;8.00;132
Innoviz Technologies;;132000000;214000000;17;;;9.40;134
Coursera;;64000000;210100000;16;;;5.60;136
Affectiva;1000000;26000000;60250000;14;;;8.80;136
Nutanix;;6506044;393706044;16;237900000;2180000000;2.70;138
Weibo;;700000000;1286000000;1;;;7.50;138
Carbon Engineering;1000000;68000000;82355246;7;;;9.00;139
Accenture;;6000000;6000000;1;;;-1.70;140
PhonePe;;65635663;234329158;1;;;6.80;141
Alteryx;;85000000;163000000;5;126000000;840000000;6.80;141
Iterable;;50000000;82200000;13;;;9.70;142
Poshmark;;87500000;153000000;16;;;9.30;144
Elvie;;42000000;53844993;7;;;9.80;145
NGINX;;43000000;104000000;10;;;9.20;146
Rocket Internet;;670552408;2249056673;6;1770000000;8199999999;-0.30;147
AngelList;1000000;2100000;26200000;42;;;9.80;147
Aqua Security;1000000;62000000;100000000;5;;;9.40;149
Razer;;50000000;175000000;5;500000000;4400000000;6.60;150
Guardant Health;;;550000000;21;237500000;1587000000;7.90;150
Paytm;50000000;32448851;32448851;4;;;-0.90;151
Wayfair;;157000000;358000000;5;304500000;2400000000;6.80;152
Tufin;;8000000;30000000;4;108000000;453600000;9.40;153
Macquarie Group;;664147334;1064147334;;;;-2.50;154
Haptik;;11200000;12200000;3;;;8.60;156
IHS Markit;;250000000;250000000;1;1300000000;4300000000;-2.30;157
European Commission;;;;;;;9.10;158
Cleo;;27500000;40947605;8;;;9.70;159
MedMen;;250000000;306000000;3;100000000;1600000000;5.90;159
Symantec;;670000000;1173000000;5;;;-0.10;160
JD.com;;550000000;2828000000;12;;;-0.70;162
Groupon;;250000000;1387000000;21;700000000;12708067040;-0.50;162
Meituan.com;;700000000;1070000000;6;;;8.60;163
Goop;;50000000;75000000;7;;;-1.10;165
Rubicon Global;50000000;11599949;296099949;25;;;7.00;165
Managed by Q;;25000000;97425000;34;;;6.50;166
Earnin;;125000000;190099999;9;;;6.00;167
YieldStreet;;62000000;178500000;8;;;8.30;168
Unity Technologies;10000000;;601500000;13;;;-0.70;169
Verizon Communications;;21271935000;30079814466;2;;;2.90;170
Zendesk;;;85500000;10;100000000;632000000;6.30;172
Oscar Health;50000000;375000000;1267500000;20;;;0.20;172
DraftKings;;;644815000;19;;;-1.90;173
Bitglass;1000000;70000000;150050000;5;;;9.40;175
TAL Education Group;;500000000;500000000;;120000000;1490000000;10.00;175
Elastic;;57999996;161999996;6;252000000;2501000000;8.90;176
Zillow;;4128000;96627980;4;69000000;540000000;0.90;178
Carvana;;600000000;960120000;2;225000000;2000000000;4.00;179
comScore;;;389639769;16;87400000;;-0.20;179
Telstra;;7000000;7000000;;;;0.00;180
MasterCard;;;;;2300000000;;9.60;181
FireEye;;739265776;840945776;11;303500000;2349416980;-0.70;183
Lending Club;;;392230000;23;865500000;5400000000;1.70;184
Toppr;1000000;6362960;65118698;13;;;5.60;185
CyberX;1000000;18000000;47020000;11;;;9.40;185
Offerpad;;565000000;975000000;1;;;9.20;187
The Walt Disney Company;;;;;300000000;;9.30;188
Medallia;500000000;70000000;325000000;3;;;7.10;189
Splice;;57500000;104749998;21;;;9.50;189
Momo;;100000000;133750000;3;;;8.50;191
Candid;1000000;63400000;78400000;10;;;8.20;192
Porsche;;170252564;170252564;1;;;-3.50;193
Teladoc;;80000000;172850085;10;157000000;703880574;4.00;193
Slack;100000000;427000000;1216950000;36;;;9.90;195
BigBasket;100000000;150000000;1027646450;16;;;0.60;196
Cloudera;;;1041000000;21;225000000;1900000000;-0.10;196
Trustpilot;;55000000;192800000;9;;;8.00;197
Clearbanc;;70000000;70000000;12;;;7.60;198
1mg;1000000;10320000;93420000;7;;;9.30;200
G2 Crowd;;55000000;100772384;17;;;7.50;201
Box8;1000000;15000000;27057437;7;;;8.30;202
Redfin;;;209620000;16;138000000;1200000000;-0.30;202
Shuttl;1000000;7224965;43787167;15;;;8.50;204
Micron Technology;;16000000;50410400;2;;;3.80;204
General Electric (GE);;2000000;2000000;;;;-1.70;205
Lennar Corporation;;30000000;30000000;1;;;1.70;206
ThoughtSpot;;145000000;295700000;13;;;7.00;207
Primary;1000000;19766387;27766387;7;;;9.70;209
Moglix;1000000;;39208452;10;;;7.60;209
Aurora Cannabis;;200000000;269000000;;;;-2.90;210
Peakon;1000000;35000000;67971449;8;;;9.10;211
Vox Media;;200000000;307632220;10;;;-1.60;212
Pinduoduo;;1368670321;1700361337;9;1630000000;24000000000;7.80;213
IFTTT;;24000000;62500000;23;;;7.90;215
New Relic;;;214500000;14;115000000;1420000000;-0.60;215
Precision BioSciences;;39500000;175150000;25;126400000;784000000;9.50;217
Instructure;;40000000;89100000;7;80960000;;6.40;217
Property Finder;;120000000;142000000;4;;;9.00;218
TransUnion;;1400000000;1400000000;2;665000000;;3.10;220
Clover Health;;500000000;925000000;22;;;6.10;221
Sqreen;;14000000;18020000;12;;;9.80;222
LaunchDarkly;;44000000;76300000;10;;;8.90;222
Mavenlink;;48000000;111464000;3;;;9.10;224
General Motors;;150922;505313;1;15800000;;-2.20;224
Eventbrite;;134000000;332250000;19;230000000;1750000000;1.50;226
Gimlet Media;;5000000;28450000;14;;;4.30;227
Lazada Group;10000000;2000000000;4209739555;10;;;-0.60;228
Workday;;85000000;230550000;8;637000000;4500000000;7.90;229
NIIT Technologies;100000000;381000000;381000000;1;;;10.00;230
GoPro;;200000000;288205000;6;427000000;2955000000;-1.40;231
Alnylam Pharmaceuticals;;800000000;1534600000;8;30000000;114000000;7.20;232
Charter Communications;;3500000000;5162513431;;;;-1.90;233
Markforged;;82000000;136800000;7;;;9.40;233
Qutoutiao;;171000000;497000000;9;84000000;1700000000;7.80;235
ServiceTitan;;165000000;325955000;9;;;9.00;235
NPR;100000000;17000000;17000000;;;;-1.20;236
LendInvest;;261221760;750713106;7;;;9.50;238
Expanse;1000000;70000000;135970000;18;;;10.00;239
Catch;;5100000;8100000;15;;;8.90;240
Squad;1000000;2100000;2100000;13;;;9.70;240
Starship Technologies;;25000000;42200000;11;;;5.20;241
Rocket Lab;;140000000;215000000;10;;;-1.00;242
Blackberry;;1000000000;1000000000;1;;;6.40;243
Lockheed Martin;;4400000;28316440;2;;;-2.40;244
STX Entertainment;;700000000;700000000;9;;;10.00;245
Upstart;;50000000;144050000;21;;;8.90;246
Stanza Living;1000000;4400000;14475324;5;;;8.40;247
Foursquare;50000000;33000000;240350000;22;;;8.90;248
Snapdeal;;17560827;1776260825;25;;;6.00;250
Roblox;;149999985;185712214;6;;;9.20;251
Schibsted;;299686707;632867530;;;;8.10;252
Qualtrics;;180000000;400000000;3;;;-1.40;253
Endgame;;18800000;111426543;7;;;9.10;253
Percolate;10000000;32000000;106500000;17;;;9.20;254
PNC Financial Services Group;;150000000;150000000;;;;9.90;256
Tokopedia;;1100000000;2447700000;9;;;-0.30;257
Skedulo;;28000000;38953601;4;;;9.60;257
Pinterest;500000000;;1466100000;37;;;5.90;258
GrubMarket;;25000000;89100000;34;;;5.40;258
Dashlane;1000000;30000000;100900000;8;;;7.30;259
Red Points;1000000;38000000;64243661;7;;;9.20;260
CrowdStrike;50000000;200000000;481000000;10;;;-1.20;262
Seal Software;10000000;15000000;58000000;3;;;9.00;263
Reliance Jio Infocomm Limited;;213417106;4713417106;22;;;-3.30;263
Tripoto;1000000;361457;4587397;14;;;9.40;264
Doctolib;;170316550;266681776;13;;;9.30;265
MakeSpace;;30000000;117600000;21;;;9.40;266
Beats Electronics;;500000000;800000000;2;;;3.90;269
Yelp;;25000000;56000000;6;107300000;898000000;-0.50;269
BarkBox;1000000;60000000;81725000;16;;;8.10;270
Plaid;;250000000;309300000;11;;;-0.70;270
Newsela;;50000000;72156174;21;;;9.60;271
Nutrafol; ;35000000;35000000;2;;;10.00;274
Cylance;;120000000;297000000;13;;;1.20;274
Applicaster;1000000;20000000;30500000;7;;;9.70;275
Cora;;7500000;13500000;4;;;9.60;275
InstaReM;1000000;21000000;59000000;12;;;7.40;278
Zenefits;100000000;500000000;583600000;34;;;8.10;278
Sonos;;;455150000;7;83000000;1475769285;-2.40;279
Celonis;;50000000;77500000;2;;;8.40;280
Ubisoft;;763021367;763021367;3;;;-1.90;281
NEXT Future Transportation, Inc.; ;5000000;5000000;3;;;-0.90;283
SpaceIL;1000000;66000000;88400000;3;;;9.80;284
Juniper Networks;;18847898;18847898;;163200000;1661345570;-1.30;285
Lightspeed POS;;55000000;347000000;6;178910346;;7.00;285
H.I.G. Capital;100000000;1020272;37496196;1;;;9.40;286
Portworx;;27000000;55500000;7;;;9.40;286
Shedul.com;1000000;20000000;31600000;9;;;9.20;287
OYO;100000000;75000000;1725000000;19;;;9.50;290
Mailgun;;;51100000;11;;;8.80;290
Novo;;4800000;5800000;10;;;9.50;292
Klaviyo;10000000;150000000;158500000;6;;;9.10;293
FLIR Systems;;28700000;28700000;1;;;7.30;293
Allbirds;;50000000;77450000;17;;;-2.50;294
Udacity;;105000000;160000000;11;;;7.60;296
Upwork;;30000000;168800000;16;187000000;1561000000;4.30;297
Blue Origin;10000000;13000000;13000000;1;;;-2.00;297
Darktrace;;50000000;230500000;11;;;7.20;299
Porch;1000000;;98850000;17;;;9.10;299
Stack Overflow;;40000000;68000000;15;;;9.20;300
Etsy;;;97256127;19;266700000;1775400000;7.30;302
YourStory;;6000000;12969522;6;;;9.00;303
OfferUp;;39000067;260985067;14;;;8.60;303
Volvo Cars Group;;534710176;534710176;;;;-3.40;304
Pony.ai;;50000000;264000000;20;;;8.10;305
Alibaba Cloud;;1000000000;1200000000;1;;;4.20;307
Careem;100000000;200000000;771700000;22;;;9.70;307
Taboola;;3000000;160000000;19;;;5.40;308
Jumio;;15000000;55413881;7;;;6.40;309
Nest Labs;;80000000;80000000;11;;;6.50;311
Zuora;;;242500000;18;154000000;1449000000;-0.40;311
Evernote;100000000;20000000;290000000;20;;;7.00;312
SpaceX;1000000000;273199776;2446659776;20;;;-3.40;314
Wealthfront;;75000000;204500000;38;;;-0.50;316
Jam City;100000000;145000000;302000000;7;;;9.40;316
Xero;;300000000;681395300;7;;;7.70;317
Hilton Worldwide;;;6500000000;2;2300000000;;-1.20;317
Goldman Sachs;;;;;;;-1.50;318
FAASOS;10000000;15901207;119563630;8;;;-2.10;319
TriMet;100000000;87400000;89700000;;;;9.90;320
Rapid7;;30000000;89000000;2;103000000;600000000;8.50;321
Marketo;;50000000;108400000;6;78773617;465193937;4.70;323
WalkMe;;10000000;217500000;8;;;5.60;323
Infor;10000000;1500000000;4000000000;4;;;8.00;325
GetYourGuide;50000000;;170500000;19;;;6.40;326
Motorola Solutions;;1000000000;1000000000;1;;;-3.20;326
Vedantu;1000000;5000000;21550000;4;;;5.70;328
Acko General Insurance;;65000000;107000000;16;;;9.30;328
Spark Therapeutics;;72800000;122800000;7;161000000;352000000;9.40;329
Shift Technology;1000000;60000000;99800000;7;;;9.00;330
Zscaler;;;148000000;4;192000000;1900000000;-0.30;331
LiveRamp;;;16000000;7;;;9.30;332
Improbable;;50000000;604094860;10;;;5.60;334
Whatfix;;13213524;18053524;13;;;9.30;334
Lifesum;1000000;5000000;21700000;5;;;8.10;335
Yext;;50250006;117820006;11;115500000;940000000;-0.10;337
iflix;;;298000000;19;;;8.00;337
Womply;1000000;30000000;50000000;18;;;4.00;338
eero;;;90000000;15;;;9.30;340
Network International;100000000;30000000;30000000;3;1441126069;2856049847;9.70;341
Apartment List;;50000000;109000000;24;;;6.90;341
Spin;;8000000;8000000;5;;;7.20;342
Tilray;;47743901;47743901;2;153000000;1547000000;7.60;344
Bitstrips;;8000000;11000000;2;;;8.20;345
OJO Labs;1000000;45000000;71500000;6;;;9.50;345
HackerOne;1000000;40000000;74000000;10;;;5.00;347
Mist Systems;;46000000;88400000;7;;;8.70;348
Talent Garden;1000000;49539173;62436158;6;;;9.50;349
Grab;;1300000;7000000;6;;;9.70;350
Getaround;;300000000;403024999;38;;;-0.80;350
Funding Circle;;1273001546;1695924063;17;390930414;1954652071;-1.40;352
Bukalapak;1000000;50000000;50000000;9;;;9.90;353
Nubank;;180000000;707602392;14;;;7.60;355
cheddar;10000000;22000000;54000000;14;;;9.10;356
Squarespace;;200000000;278500000;4;;;-1.10;356
CollegeVine;;24000000;30700000;6;;;9.60;357
Turo;10000000;5000000;187400000;18;;;5.60;359
Stash;;65000000;181250000;7;;;7.80;360
DigitalOcean;50000000;;305405800;19;;;-0.60;361
Teva Pharmaceutical Industries;;358000000;358000000;1;;;-1.20;362
Blockchain;1000000;;70000000;17;;;9.60;362
Headspace;1000000;36700000;75153477;15;;;7.70;363
Grab;;1460000000;8795280000;40;;;-1.50;363
PayPal;;90000000;217000000;25;;46600000000;6.70;364
Duolingo;;25000000;108300000;9;;;4.10;365
VOI Technology;;30000000;82900000;17;;;7.90;367
Argo AI;;1000000000;1000000000;1;;;6.50;368
Pine Labs;10000000;125000000;208000000;6;;;6.80;368
Hercules Capital, Inc.;;6500000;6500000;1;;;6.40;369
Flatiron Health;;175000000;313000000;21;;;7.50;371
Ro;;88000000;91100000;15;;;6.70;371
ofo;;866000000;2151231991;23;;;5.20;372
Vice Media;;450000000;1420000000;9;;;-1.20;373
KeyMe;;50000000;155775000;18;;;8.50;375
Meltwater;100000000;175000000;235000000;3;;;8.50;375
SalesLoft;;50000000;75700000;11;;;5.40;377
Personal Capital;;50000000;265300000;12;;;-0.40;377
Silk Road Medical;;47000000;160625793;5;120000000;604000000;9.60;379
Lightstream;;6000000;9830000;20;;;9.90;380
PayIt;;100000000;104500000;6;;;9.80;381
The RealReal;10000000;115000000;287974359;24;;;6.30;381
One97 Communications;10000000;300000000;2764377413;11;;;8.70;383
SimilarWeb;10000000;47000000;112200000;9;;;-0.50;383
PubNub;1000000;23000000;69100000;16;;;9.10;384
Zomato;;62093832;755584274;11;;;-0.60;386
iQiyi;;1530000000;3004119000;16;2250000000;13500000000;-3.20;386
Armis Security;1000000;65000000;112000000;10;;;7.90;388
Coalition;1000000;10000000;10000000;5;;;9.20;388
Branch International;;170000000;254665689;14;;;8.40;389
Milkbasket;1000000;7000000;19371196;9;;;2.90;390
Hopper;;100000000;183404247;9;;;8.70;391
TriNetX;1000000;40000000;42500000;2;;;9.70;393
Outdoor Voices;10000000;34000000;64100000;14;;;8.00;394
Mighty Networks;;11000000;16000000;13;;;9.50;394
Clutter;;200000000;296300000;23;;;9.00;395
Zoosk;;21100000;61600000;6;;;8.90;397
Anheuser-Busch InBev;;10000000;10000000;;;;-1.90;397
Automattic;50000000;;317300000;13;;;-0.20;398
Boundless;1000000;7800000;11300000;7;;;9.60;400
Cybereason;10000000;100000000;188600000;4;;;-1.00;400
NGM Biopharmaceuticals;;105999996;295438996;8;107000000;1038000000;9.30;401
Procore;;75000000;303999981;11;;;-0.20;403
Omada Health;;50000000;126520000;21;;;8.20;403
Presto;;30000000;30000000;5;;;10.00;404
Tradeshift;10000000;250000000;432000000;21;;;-1.60;405
Wave;10000000;23754732;79506156;13;;;7.30;407
Pantheon;;41500000;98300000;14;;;9.00;407
Samsung Electronics;;;;;;;-4.50;408
AppDynamics;;;364500000;21;;;5.10;410
OutSystems;10000000;360000000;422081803;6;;;6.60;410
Lola.com;;37000000;81700000;5;;;7.80;411
eMarketer;;25000000;25000000;1;;;-2.40;413
Workfront;100000000;280000000;375000000;12;;;8.40;414
Xevo;1000000;10205478;56905478;9;;;9.60;414
Mobileye, an Intel Company;;400000000;515000000;7;890000000;4200000000;-2.80;416
Mojo Vision;;58000000;108000000;19;;;9.30;416
Girls Who Code;1000000;3000000;6450000;5;;;7.50;417
Element AI;;5000000;107000000;11;;;7.20;418
Switch;;4000000;6400000;17;;;9.60;419
Culture Trip;;;102000000;6;;;4.70;420
Carro;;30000000;108016000;14;;;8.10;421
Coupa Software;;80000000;169000000;14;133000000;1683883495;-0.80;421
JFrog;10000000;165000000;226500000;11;;;8.20;423
Google;;10000000;36100000;13;1666429420;23053669655;-1.50;424
Matador;1000000;6500000;8500000;3;;;9.60;425
Carbon Black;;;191683533;13;152000000;1250000000;4.70;426
Fastly;10000000;40000000;219000000;13;;;7.60;428
ecobee;10000000;36309726;149432235;14;;;5.60;428
MuleSoft;;128000000;259000000;15;221000000;2900000000;-1.90;429
PharmEasy;;50000000;108538857;12;;;7.30;429
Luckin Coffee;;200000000;400000000;7;;;-0.80;431
Tru Optik;;10000000;15513205;7;;;9.70;432
uBiome;;83000000;109851193;24;;;7.90;434
Festicket;10000000;5268124;30391599;19;;;9.10;435
Zivame.com;10000000;8640552;57640552;8;;;9.10;435
App Annie;10000000;63000000;156000000;10;;;6.70;437
RedSeal;10000000;60000000;135699999;14;;;9.50;437
MobiKwik;;320482;117085027;11;;;-2.20;439
Trello;;10340000;10340000;3;;;4.30;439
TripActions;10000000;154000000;231500000;6;;;6.80;441
CXA Group;10000000;25000000;58000000;15;;;9.20;441
BBC (British Broadcasting Corporation);;5683032;5683032;1;;;9.70;442
NerdWallet;;5000000;105000000;9;;;-0.20;443
Ginkgo Bioworks;;275000000;429120000;25;;;5.20;445
Iron Mountain;;700000000;700000000;;;;8.50;445
Livongo;;104999995;234999996;16;;;7.90;447
AppNexus;;31000000;321471856;21;;;-0.90;448
SenseTime;;1000000000;2640000000;25;;;-3.20;449
Featurespace;1000000;33020039;71213886;15;;;6.80;450
Medlife International Private Limited;10000000;17198133;17198133;1;;;9.90;451
Smartsheet;;52600000;113216989;6;150000000;990000000;-4.50;452
Brand ;;240000000;292500000;12;;;8.40;452
Kakao;;1000000000;1466604959;7;;;3.10;453
Vestwell;;30000000;42500000;10;;;9.20;454
CARS24;1000000;11000000;60950000;14;;;7.90;456
Via;;;387064136;14;;;5.00;457
Intuit;;6700000;18851000;3;;;-0.60;457
HealthJoy;;12500000;18500000;8;;;9.60;458
Capital Float;;7000000;117529562;8;;;3.20;460
Bilibili;;876000000;1710151904;6;483000000;3202000000;-0.20;461
Life360;;28000000;123586989;35;;;8.20;462
Citizen;1000000;12000000;13000000;10;;;6.60;463
Personio;;40000000;54332944;11;;;9.50;463
iHeartMedia;1000000000;476373000;476373000;;;;-0.50;464
Attivo Networks;10000000;;44000000;8;;;4.10;465
Thrive Market;50000000;10000000;161879160;30;;;-0.80;466
Omni;;25000000;35250000;38;;;8.80;466
Matterport;;48000000;114000000;27;;;7.50;468
Hello Alfred;;40000000;52500000;10;;;3.60;469
Zinier;1000000;22000000;30000000;18;;;9.50;470
Green Bits;;17000000;20000000;2;;;-1.60;471
Siri;;15500000;24000000;5;;;0.00;471
Bleacher Report;;22000000;40500000;7;;;-1.50;472
SkipTheDishes;;;6353366;6;;;-1.60;473
Samanage;10000000;30000000;74000000;7;;;8.80;474
Reddit;;300000000;550100000;23;;;1.70;475
BigCommerce;;64000000;219204369;10;;;-0.70;478
Coinbase;10000000;21292340;546602165;50;;;-2.80;479
AppsFlyer;1000000;56000000;83100000;12;;;-0.80;480
Pie Insurance;;45000000;61000000;6;;;8.70;480
Workboard;1000000;23000000;36550000;10;;;9.20;481
Splunk;;900000;40900000;6;229500000;1573007943;3.60;481
HomeAway;;25000000;510250000;7;216000000;2155404708;7.40;483
Tanium;;200000000;782791919;11;;;6.00;484
Enlitic;1000000;15000000;30000000;6;;;7.40;485
Cambridge Blockchain;;3500000;13500000;10;;;9.40;486
Launch NY;;4500000;7468000;3;;;9.90;488
CureFit;10000000;120000000;174575958;17;;;0.20;489
Supercell;;130000000;143032267;10;;;8.10;490
Druva;10000000;80000000;198000000;10;;;7.50;490
Rover;10000000;125000000;310900000;16;;;7.30;491
Helbiz;1000000;15000000;55996754;1;;;-0.10;492
MasterClass;;80000000;136400000;20;;;6.80;493
Acer;100000000;150594138;150594138;;;;4.70;495
Kespry;1000000;;61352000;11;;;8.70;495
Pandora;;480000000;750309362;22;234944000;2555643072;-0.70;496
Domo;;100000000;689650000;48;193000000;511000000;7.00;497
Ring;;109000000;209200000;22;;;7.00;499
Zynga;;490000000;866550786;22;1000000000;6990000000;-0.80;500
Doctor On Demand;;74000000;160749919;27;;;4.00;501
Policybazaar;50000000;200000000;346600000;12;;;-0.40;502
HelloFresh;;88321782;364459140;7;373085169;1982014963;6.60;502
TradingView;1000000;37000000;40752500;20;;;8.20;503
Morgan Stanley;;;;;;;-1.40;504
Republic;1000000;;12000000;6;;;9.00;505
Bithumb;;200000000;200000000;1;;;10.00;506
Grofers;100000000;60000000;301770929;8;;;6.20;507
Calm;;88000000;116043000;25;;;7.60;508
DataStax;50000000;106000000;190000000;19;;;-0.20;508
Divvy;10000000;250000000;302500000;6;;;2.20;510
Behalf;;;310000000;12;;;8.60;511
Cequence Security;1000000;17000000;29500000;10;;;9.50;513
Agrostar;1000000;27000000;41000000;4;;;8.70;514
Canvas Technology;;15000000;15000000;6;;;9.10;515
Checkr;;100000000;149000000;24;;;7.30;516
TuneIn;;43000000;146122231;13;;;3.70;516
Healofy;;10000000;11140000;8;;;9.60;517
Sezzle;;5662500;116600000;4;;;8.30;518
Demandbase;50000000;65000000;158000000;12;;;8.10;519
Halodoc;1000000;65000000;78000000;9;;;6.50;521
Luminary Media;;60000000;100000000;2;;;8.60;521
Intercom;;;240750000;33;;;6.70;522
Dataiku;;101000000;146713904;8;;;-2.00;523
GoCard ;;75000000;122300000;14;;;8.10;524
Grammarly;;110000000;110000000;5;;;-1.60;524
Refinery29;;45000000;125400000;14;;;-2.30;525
Rubrik;100000000;261000000;553000000;6;;;-2.70;528
Adyen;;;266000000;5;1100000000;;2.40;528
Inivata;;52600000;104354303;7;;;9.70;529
Forge;;35000000;88500000;19;;;9.20;531
Cityblock Health;;65000000;85800000;20;;;9.40;532
GO1;1000000;30000000;43708345;16;;;9.40;532
Babytree;;218483722;1003756819;11;25553390;1500000000;3.90;533
Cognizant;;241000;241000;1;29170000;91137500;-1.60;533
thredUP;50000000;81000000;131120000;10;;;5.00;535
Digital Trends;1000000;10000000;10000000;1;;;8.00;536
Genesys;;900000000;900000000;2;;;8.30;537
Kaiser Permanente;;82700;7482700;;;;-1.30;538
Purdue Pharma;50000000;1800000;1800000;1;;;4.40;538
Tencent Music;;1069814193;1069814193;1;1100000000;21300000000;-1.20;539
InMobi;;100000000;320600000;5;;;6.40;540
Waze;;30000000;67000000;7;;;8.60;541
3D Hubs;1000000;18000000;29499998;8;;;9.40;542
Cleveland Clinic;;4700000;36100000;4;;;-5.80;543
ZipRecruiter;;156000000;219000000;3;;;-1.20;544
ManoMano;1000000;125000000;211545819;7;;;7.90;545
CloudBees;;37000000;113200000;11;;;3.60;546
Signifyd;;100000000;185000000;20;;;6.40;548
The Plum Guide;1000000;18486460;37237867;22;;;9.40;549
Degreed;10000000;42000000;78200000;10;;;8.20;551
Databricks;10000000;250000000;497000000;8;;;6.50;551
Gett;50000000;80000000;693000000;10;;;1.40;552
Cloud9;1000000;50000000;73000000;25;;;8.70;554
Axis Bank;;1814934730;1932079105;5;;;-3.60;555
DrChrono;1000000;10000000;28725000;18;;;-3.00;556
Scout;;7400000;10315000;8;3966525;11899577;7.90;556
MarketInvoice;1000000;;62727448;7;;;8.00;557
The Guardian;1000000;3000000;3000000;1;;;7.30;557
Benson Hill Biosystems;1000000;60000000;94680971;20;;;8.40;558
Carlyle Group;;;;;671000000;6699000000;9.80;559
Nintex;;;135000000;3;;;8.20;562
finleap;;59568608;175562780;7;;;8.30;562
Allianz;;85000000;85000000;1;;;-2.00;563
SolarWinds;;10000000;217500000;3;375000000;4649000000;8.90;563
NextGen Jane; ;9000000;11317234;5;;;9.80;564
Wellcome Trust;50000000;1064933995;1064933995;;;;8.40;564
Sisense;;80000000;174000000;9;;;-0.60;566
Magic Leap;100000000;461000000;2348500000;24;;;3.90;568
Shockwave Medical;;15000000;147500000;9;97000000;457300000;5.40;570
Blueground;1000000;20000000;27436100;7;;;8.50;571
Optimus Ride;1000000;18000000;23250000;13;;;8.40;571
Skymind; ;11500000;17820000;19;;;9.50;572
Seam ;;;51000000;5;;;8.90;573
Wattpad;;51000000;117800000;16;;;5.30;574
Saama;50000000;40000000;75752000;2;;;8.60;575
BlueJeans Network;10000000;76500000;175000000;10;;;5.20;576
Behavox;1000000;;21400000;5;;;8.30;578
Pluralsight;;30000000;192500000;5;310000000;1980000000;-0.70;578
BlackBird;;10000000;15034999;3;;;9.30;579
FanDuel;;55000000;416200000;22;;;-1.00;579
LeanData;1000000;27500000;42600000;7;;;8.90;580
MDC Partners;;95000000;95000000;1;;;-0.60;582
Johns Hopkins University;;30000000;185000000;2;;;-1.20;583
Braintree;;35000000;69000000;4;;;6.30;584
Abstract;1000000;30000000;54171593;5;;;8.20;585
Avant;;325000000;1779000000;16;;;7.90;585
Blame ;;16500000;20100000;2;;;10.00;586
Desktop Metal;;160000000;436760835;26;;;8.10;588
Tesco;;8437845;34610561;;;;-2.40;589
Xerox;;1000000000;3200000000;7;;;-0.80;589
Rasa;;13000000;14100000;10;;;9.30;590
OnScale;;10000000;13000000;7;;;9.50;591
Nextdoor;;75000000;285200000;19;;;4.30;593
The Boring Company;;113000000;113000000;;;;-0.10;594
Health Catalyst;50000000;85000000;377000000;11;;;6.40;594
Babylon Health;1000000;60313243;85313243;6;;;6.70;595
Red Ventures;100000000;250000000;250000000;3;;;4.80;596
SendGrid;;;80362000;16;131000000;652000000;-1.50;597
Sensor Tower;;1000000;1000000;9;;;-0.60;600
Rivian Automotive;10000000;700000000;901250000;3;;;2.70;601
2U Inc.;;331000000;426875000;9;119275000;508694433;6.20;601
Fast Radius;;48000000;64800000;7;;;9.70;602
Braze;10000000;80000000;175100000;16;;;6.80;603
Hustle;1000000;30000000;41000000;15;;;7.90;604
Outbrain;10000000;45000000;194000000;11;;;6.00;606
Ather Energy;1000000;19000000;59000000;4;;;6.30;607
Quikr;;7705779;437878465;14;;;-3.60;607
Celo;;30000000;36500000;24;;;9.50;608
Netskope;10000000;168700000;400100000;8;;;6.30;608
Venafi;10000000;100000000;167199997;8;;;0.90;610
Keatz;1000000;13567799;22211467;7;;;9.30;611
Hometalk;;15000000;15000000;3;;;9.90;613
Cox Enterprises;;1700000;1700000;;;;8.40;614
Squad;;;120000;5;;;9.80;615
Figure;;65000000;115000000;12;;;4.40;616
Brandwatch;10000000;;64739337;5;;;3.10;616
Panera Bread;;100000000;100000000;1;;;8.80;617
CLEAR;;;35000000;4;;;8.90;617
fuboTV;;75000000;151325000;12;;;1.30;618
Zimperium;1000000;12000000;72000000;9;;;-0.60;619
Triplebyte;;35000000;48120000;35;;;8.90;622
SentinelOne;;70000000;109520000;12;;;6.80;622
ClassPass;;85000000;239000000;37;;;-5.20;623
CircleUp;1000000;30000000;53000000;17;;;7.90;624
Eargo;10000000;52000000;135600000;15;;;8.80;625
Zumper;;46000000;77500000;17;;;6.40;625
Point;;22000000;30400000;15;;;8.40;626
Getty Images;;100000000;600000000;1;;;-2.20;628
Anaplan;;;299900000;16;263500000;1400000000;-0.50;629
Labelbox; ;10000000;13900000;4;;;9.00;630
CommonBond;10000000;750000000;1553605787;23;;;-0.40;632
Recorded Future;1000000;25000000;57900000;8;;;-0.80;632
MakeMyTrip.com;;330000000;548000000;6;70000000;850000000;-1.20;633
Cabify;10000000;70000000;477000000;22;;;7.80;634
Artemis Health;1000000;25000000;83815000;11;;;8.50;635
Shape Security;;26000000;132000000;18;;;6.80;635
Giphy;;72000000;150949998;15;;;2.50;637
MYOB;;272271209;272271209;1;669415251;1711504605;7.90;638
Outreach;10000000;65000000;125000000;20;;;4.80;640
ClearTax;1000000;50000000;65420000;13;;;3.70;640
Demisto;;43000000;69000000;9;;;-0.50;641
VIPKID;;500000000;825000000;11;;;-0.20;642
James;;100000;3902000;10;;;9.50;643
Campaign;1000000;7496499;7996499;3;;;9.50;643
Sears Holdings Corporation;;210000000;1460000000;;;;-3.40;646
RingCentral;;1875000;45875000;9;97500000;789724000;-1.50;646
BMC Software;;750000000;750000000;;;6000000000;0.00;647
Relativity Space;1000000;35000000;45100000;5;;;5.00;647
Qupital;;15000000;19970000;6;;;9.50;648
Binance Labs;;;10000000;;;;9.30;651
Aura Biosciences;;40000000;111961728;11;;;9.50;652
Fundbox;100000000;;107500000;18;;;7.50;653
Cazana;1000000;2037614;5326351;4;;;7.40;654
BetterCloud;;60000000;106850000;13;;;2.40;654
BookMyShow;10000000;100000000;224500000;5;;;7.40;655
Datadog;;94500000;147900000;12;;;6.50;656
Handshake;;40000000;74000000;13;;;5.70;657
Cornerstone OnDemand;;300000000;344700000;6;136500000;606272810;-1.50;657
Collibra;;100000000;233986132;8;;;5.50;658
Andela;;100000000;181000000;36;;;6.10;660
UrbanClap;;50000000;110703975;8;;;3.90;661
Netmeds;1000000;35000000;99000000;5;;;4.50;661
Meesho;1000000;50000000;65200000;20;;;1.60;662
AutoX;;;43000000;1;;;3.20;664
Wealthsimple;;51121608;128543552;5;;;0.00;665
Heliocor;;2500000;2500000;;;;8.90;665
Plenty;;200000000;226000000;9;;;5.00;667
One Medical;50000000;220000000;532065000;12;;;5.10;668
Flow;1000000;16000000;18500000;6;;;8.30;671
Dote Shopping;;12000000;20850000;4;;;8.80;671
ForgeRock;10000000;88000000;140165000;4;;;-0.10;672
DuckDuckGo;;10000000;13000000;8;;;-0.20;673
Flipkart;;200800000;7478643335;22;;;-2.30;675
Mirakl;1000000;70000000;93000000;7;;;8.30;675
Lalamove;10000000;300000000;461500000;15;;;6.40;676
Zeus Living;;10000000;24120000;10;;;7.20;677
Momo;;650000000;998844306;7;;;6.70;677
FutureFuel.io;;11200000;12800000;9;;;9.40;678
Azuqua;;10800000;15980000;5;;;8.80;678
Duo Security;;70000000;121500000;12;;;-0.20;679
Amazon Pay;;42626048;246917144;3;;;-5.10;680
Zero;;16000000;27000000;7;;;7.00;681
quip;;40000000;62205000;22;;;4.10;682
OpenGamma;;10000000;50200000;9;;;9.20;685
LogRocket;;11000000;15000000;3;;;9.40;685
Pendo;;50000000;108250000;11;;;7.20;686
Big Hit Entertainment;10000000;190000000;190000000;1;;;-0.60;687
Ceridian;;150000000;150000000;3;462000000;2929652000;-1.20;688
Ping Identity;;35000000;128346520;13;;;3.80;689
Embroker;1000000;28000000;42400000;11;;;9.00;690
Avidbots;1000000;23559504;26584504;11;;;9.20;691
Pluto TV;;8300000;51800000;17;;;8.80;691
McDonald's;;;;;;;9.00;692
Remitly;10000000;115000000;200000000;20;;;7.90;694
Tumblr Inc.;;85000000;125250000;13;;;1.80;694
PurpleBricks;;177000000;190381215;6;;;-1.20;696
CenturyLink;;2400000;10399399;;;;-1.50;697
Care/of;;29000000;42200000;8;;;8.70;697
Riot Games;;6000000;21000000;4;;;-5.20;699
Coupang;;2000000000;3418000000;20;;;5.60;699
Convoy;;185000000;265500000;35;;;4.60;700
Eaze;;27000000;51500000;17;;;6.80;701
Didi Chuxing;100000000;500000000;20644700000;30;;;9.60;702
Fusion Pharmaceuticals;1000000;105000000;151000000;14;;;9.60;703
Brooklinen;;10000000;10020000;3;;;7.80;704
American Media;;460000000;460000000;;;;-1.90;706
Harry's;10000000;112600000;375200000;20;;;6.50;706
Neo4j;;80000000;160100000;8;;;6.80;707
DreamTeam;;5000000;15000000;1;;;-0.30;708
Integral Ad Science;;40000000;116750070;9;;;-0.70;710
RedDoorz;;50000000;69400000;11;;;8.40;710
Robin;1000000;18000000;27100000;8;;;8.90;711
Fictiv;;33000000;58000000;9;;;8.90;713
Zapier;1000000;1300000;1300000;5;;;-0.40;713
Integrate;;2600000;80350000;16;;;8.50;714
Nutmeg;;58302012;147911666;13;;;8.00;716
Hireology;1000000;12000000;37531778;5;;;8.70;716
AgileCraft;;10100000;10100000;1;;;9.40;718
Quantexa;1000000;;23300000;5;;;8.50;719
Players' Lounge;1000000;3000000;3695000;18;;;9.40;720
TuSimple;;95000000;178071100;5;;;2.50;722
Kyligence;1000000;25000000;48000000;8;;;9.00;723
WhiteHat Security;;31000000;50575000;6;;;8.60;724
AliveCor;1000000;20000000;63500000;8;;;8.80;725
Dvele;;14000000;14000000;1;;;10.00;725
Fair;;50000000;1501000000;32;;;2.40;726
ZestMoney;1000000;;21900000;6;;;-0.90;728
Selina;;150000000;245000000;3;;;-1.60;728
Tala;;;109439706;20;;;8.50;729
Clearbit;;15000000;17000000;15;;;9.10;731
Houghton Mifflin Harcourt;;800000000;800000000;;219000000;1679466936;-4.80;731
HFF;;13600000;310600000;;;;8.90;732
ELEME;;1000000000;3335000000;12;;;5.30;732
Updater;;45000000;97500000;7;;;8.40;735
BentoBox;;16419989;23619989;18;;;8.70;736
TELUS;;31000000;31000000;1;;;-1.00;737
Kenshoo;10000000;30000000;60000000;4;;;7.30;738
Lightspeed;10000000;750000;25750000;8;;;9.50;738
Mapbox;10000000;164000000;227175000;11;;;-1.00;739
C3;;105868587;228478585;8;;;7.10;741
Change Healthcare;;5000000;48000000;9;;;8.50;742
Amazon;;100000000;108000000;2;54000000;438000000;-4.70;743
Malwarebytes;;50000000;80000000;3;;;-1.30;743
Schrodinger;50000000;85000000;137000000;9;;;0.40;744
Vonage;;225000000;597000000;10;531250000;2647451480;-1.40;746
Thinknum;1000000;11600000;12600000;7;;;9.20;746
Veeam Software;;500000000;500000000;2;;;9.90;747
Tipalti;;30000000;60000000;3;;;4.90;749
SmileDirectClub;;380000000;380000000;4;;;-0.70;749
DJI;;75000000;105000000;3;;;1.30;750
BitSight;10000000;60000000;151000000;13;;;9.70;750
Dragos;1000000;37000000;48200000;7;;;8.00;751
Schneider Electric;;1600000;1600000;2;;;-1.00;752
HealthVerity;1000000;25000000;42194706;3;;;9.40;754
SigFig;;50000000;117000000;10;;;8.20;755
Away;;50000000;107548730;17;;;7.30;755
PlanGrid;;50000000;69100000;23;;;-2.00;756
SiFive;;50600000;64100000;9;;;6.70;758
Dun & Bradstreet;;375000000;375000000;1;;;-2.20;758
Talkspace;;31000000;56700000;12;;;7.10;759
Circle;;;246000000;25;;;4.70;760
Kohlberg Kravis Roberts;;;;1;;;9.60;761
Princeton University;;2400000;2400000;1;;;0.00;762
SeedInvest;;5125000;11375000;8;;;7.80;763
Kabam;;;244500000;12;;;0.30;763
Pilot;;15000000;18300000;3;;;4.20;764
Addepar;10000000;140000000;205839694;31;;;7.50;768
Line Corporation;;1331056151;1331056151;;;;-3.50;769
Huawei Technologies;;;;;;;-1.70;770
DataVisor;;40000000;54500000;4;;;8.10;770
Thrive Global;;13000000;50000000;27;;;8.20;771
Course Hero;;15000000;17393000;18;;;-1.30;772
TenantCloud;1000000;3092011;6304011;1;;;-2.30;772
Moonfare;;28000000;28000000;3;;;9.90;773
LinkedIn;;;154800000;13;352800000;352800000;4.30;774
Upgrade Pack;;705080;1984971;;;;-1.70;775
Convene;10000000;152000000;280500000;14;;;8.00;776
Gainsight;;52000000;156250000;11;;;0.00;776
Flytrex;1000000;8000000;11000000;7;;;-5.00;777
Penta;;8108158;10828738;3;;;8.90;778
SecurityScorecard;1000000;27500000;62200000;12;;;-0.80;779
SIGFOX;;;308367607;23;;;-0.40;780
Tiger Brokers;;80000000;138600000;10;104000000;;8.70;781
AppZen;1000000;35000000;51000000;11;;;5.80;782
SigTuple;1000000;16000000;40800000;15;;;7.70;783
MoneyLion;;42000000;67499428;10;;;8.40;784
Honeywell International;;11400000;11400000;1;;;-2.00;786
Zolo;10000000;30000000;35000000;4;;;-3.10;787
Betterworks, Inc.;1000000;51000000;68500000;9;;;8.20;788
WorkFusion;;50000000;121300000;13;;;2.20;789
ZoomCar;;3600000;103800000;30;;;-0.90;790
Kik;;100000000;220500000;16;;;6.30;792
Sumo Logic;;75000000;230000000;10;;;-3.90;792
NowFloats;1000000;3626106;17364016;12;;;5.80;793
Goodly;;1300000;1420000;4;;;9.50;794
Razorpay;10000000;20000000;31700000;26;;;0.60;796
Atom Tickets;;60000000;110000000;5;;;-0.90;797
MGM Resorts International;;1000000000;1000000000;;180000000;;-2.40;797
Cushman & Wakefield;;;11200000;2;765000000;3543173507;-4.10;798
Cleo;1000000;8180876;21503775;14;;;7.60;799
Trulia;;222300000;255100000;8;102000000;448403118;-2.90;800
Angie's List;;30000000;182600000;8;114314304;722734272;-1.50;801
InVisionApp;;115000000;350200000;14;;;-2.80;802
GlowRoad;;10000000;12800000;3;;;6.30;803
Glovo;;133923528;177122968;20;;;6.30;805
Deloitte;;;;;;;4.70;806
Mercari;;75000000;116600000;10;1200000000;3700000000;7.00;807
Peerfit;1000000;18000000;37856164;15;;;7.60;808
Level Ex;1000000;4000000;17150000;5;;;9.50;808
DoorDash;;400000000;1371820000;23;;;8.20;809
FinLab;;6282507;12822195;1;;;-1.10;809
Twistlock;1000000;33000000;63060000;6;;;4.00;810
Wrike;;15000000;26000000;4;;;-1.00;813
Alcatraz AI;;;5800000;5;;;9.00;814
Second Measure;1000000;20000000;25520000;29;;;9.10;814
Blink Health;;90000000;165000000;3;;;5.90;816
Prevail Therapeutics;;50000000;125000000;11;;;8.70;817
Foodpanda;;;318000000;9;;;5.50;818
Afiniti;10000000;75000000;197200000;6;;;-1.50;818
Otonomo;1000000;10000000;53000000;9;;;8.10;820
Eden Health;;10000000;14000000;9;;;8.90;820
Katerra;100000000;133899613;1240670860;12;;;-0.80;822
Raisin;;114000000;178007634;11;;;8.00;823
Periscope Data;;25000000;34500000;13;;;-1.80;824
WuXi AppTec;;1500000000;1593470000;5;1010000000;10200000000;-4.70;824
MIRROR;1000000;25000000;40750000;6;;;-1.40;825
Seismic;;100000000;164500000;5;;;-1.30;826
Scribd;10000000;22000000;47762000;13;;;6.30;827
Impact Technologies;;75000000;111400000;4;;;7.40;829
Bolt;;175000000;177153274;13;;;3.30;829
Moderna Therapeutics;;125000000;1776600000;20;604000000;7565000000;-2.50;831
Stella Connect;1000000;11000000;49949999;19;;;9.40;831
Flipboard;;50000000;210500000;19;;;7.30;832
Ease (formerly EaseCentral); ;19000000;27600000;7;;;8.90;834
BitPay;1000000;10000000;72510000;26;;;-1.90;834
Ethoca;;44000000;44981112;3;;;8.30;835
The Honest Company;100000000;200000000;503000000;13;;;6.70;836
Black Sesame Technologies;;100000000;115000000;9;;;8.90;838
Chef;50000000;40000000;105000000;8;;;7.50;838
Ritual;;70000000;112861186;12;;;4.80;840
Just Eat;;;89049118;5;;;-2.40;840
NS8;;26000000;34875000;12;;;9.00;841
Sprinklr;;;228500000;7;;;-1.40;843
"Toys ""R"" Us";10000000000;3100000000;3157000000;4;;;-3.20;844
The Souled Store;;3000000;3000000;1;;;-3.10;845
Real;;9500000;11000000;2;;;9.20;845
Ucommune;;29772094;680098904;22;;;8.60;847
Freightos;1000000;44400000;92700000;12;;;4.90;848
Feedzai;1000000;50000000;76120203;9;;;3.10;849
Jitjatjo;;11000000;17880000;3;;;9.00;849
Equinix;;1058500126;1433500126;16;240000000;;-2.00;851
Peek;;23000000;39900000;27;;;7.60;852
Socure;;30000000;61900000;17;;;7.30;853
Cloud Elements;1000000;25000000;46575558;8;;;7.90;854
Unite Us;;35000000;45300000;10;;;9.00;854
Qumulo;10000000;93000000;222300000;12;;;7.20;855
HackerRank;;30000000;58200000;12;;;-1.00;856
Akulaku;;100000000;220000000;13;;;-0.90;858
Hudl;;30000000;108850000;4;;;-0.50;859
LogRhythm;;50000000;126250948;12;;;7.00;859
KRY;1000000;62267012;91917585;4;;;7.70;860
MOVO;;22551804;22551804;2;;;9.90;861
Honestbee;;31000000;46000000;6;;;2.10;863
Lucid Sight;1000000;6000000;11000000;10;;;9.60;864
MasteryConnect;1000000;5000000;34125000;8;;;8.90;865
NestAway;10000000;;94200000;9;;;6.90;865
Air;;1678991;1678991;;;;9.60;867
American Well;10000000;75412805;516954610;7;;;0.90;867
Collective Health;;110000000;229000000;19;;;3.60;868
Minute Media;1000000;17000000;75800000;8;;;6.70;870
Babyscripts;1000000;500000;16260448;17;;;-1.10;870
Q4;;38000000;66322514;11;;;8.20;871
ChargePoint;50000000;240000000;532199763;26;;;-1.80;872
Zebra Technologies;;2000000000;2000000000;6;;;-2.60;874
SolarCity;;305000000;2111930450;21;92000000;584000000;6.00;874
Exabeam;;50000000;115000000;6;;;6.30;876
Mixpanel;10000000;65000000;77015000;8;;;-0.30;877
Vogo Automotive Pvt. Ltd.;;8920310;117006826;12;;;-4.60;878
SugarCRM;10000000;;123088960;9;;;-0.20;878
Farmcrowdy;1000000;1000000;2425000;13;;;9.60;879
Urban Airship;50000000;25000000;100900000;11;;;-2.30;881
Chainalysis;;30000000;47600000;8;;;6.00;882
LumApps;1000000;24000000;32000000;1;;;9.00;882
Android;;;;;;;8.50;883
DogHero;;7000000;12550000;8;;;9.10;884
News Corp.;;12500000;12500000;1;;;-2.20;885
HealthTap;1000000;50000000;88250000;14;;;5.30;886
Castle;1000000;9200000;11560000;29;;;9.30;888
Pioneer Square Labs;1000000;15000000;27500000;24;;;7.80;889
Culture Amp;10000000;40000000;76300000;7;;;6.10;889
Earnest;;20000000;119100000;29;;;4.10;890
Tubular Labs;1000000;10000000;31770374;15;;;8.10;891
Judo Capital;;100000000;553677515;6;;;8.20;893
CreditEase;;10000000;20000000;2;;;4.80;894
Aspiration;;47000000;67500000;37;;;7.90;895
CitizenM; ;840251403;840251403;3;;;9.90;895
BAE Systems;;415000;84787828;2;;;-4.40;896
Signal Sciences;1000000;35000000;61700000;8;;;2.90;897
Enigma Technologies;10000000;95000000;129640000;21;;;4.30;899
trivago;;52680000;53820000;1;287000000;;6.30;899
ActiveCampaign;10000000;20000000;20000000;1;;;5.00;900
Franklin Templeton Investments;;;;;;;8.30;902
Drift;;60000000;107000000;12;;;5.70;902
Farmers Business Network;10000000;110000000;193900000;7;;;-0.70;904
Taxfix;1000000;30000000;45000000;3;;;9.00;904
Avail;;2500000;5437500;7;;;9.40;906
Minted;500000000;208000000;297100000;13;;;-1.50;906
The Wing;;75000000;117500000;23;;;-0.40;907
Creative Destruction Lab;1000000;25000000;29000000;3;;;0.60;908
Group Nine Media;100000000;40000000;140000000;3;;;1.70;910
SELECT; ;435000;1955000;9;;;9.70;910
StockX;;44000000;50000000;14;;;4.70;911
ActivTrak;;20000000;20000000;1;;;9.90;913
BlaBlaCar;10000000;113377539;448534129;13;;;6.20;913
WM Motor;;446328944;1596964044;10;;;-0.90;915
Forter;;50000000;100000000;10;;;5.10;915
Slice;1000000;15000000;15000000;7;;;7.50;916
Neighborhood Goods;;8800000;14550000;13;;;8.80;917
OnDeck;;85000000;1173000000;21;200000000;1320000000;6.60;919
Gong.io;1000000;40000000;68100000;6;;;1.90;920
GlobalTranz;;40000000;50000000;3;;;9.40;920
Polymorph;;12000000;14300000;15;;;8.50;921
Chegg;;37300000;289603692;17;187000000;1100000000;5.20;922
Taulia;50000000;20000000;176699995;16;;;5.30;923
American Red Cross;;5500;5500;;;;9.40;925
SpotHero;;10100000;67610000;24;;;-0.60;925
Optimizely;50000000;;146200000;39;;;0.20;927
Metro Bank;500000000;156636083;720636083;2;;;9.50;927
iguazio;1000000;33000000;48000000;7;;;-1.70;928
ShopClues;10000000;15920236;255901341;10;;;2.50;929
Dish Network;;1000000000;1000000000;;;;-1.30;930
Serial Box; ;4500000;6150000;6;;;9.50;932
ZestFinance;10000000;;217000000;12;;;4.20;933
Ball Corporation;;2550000000;2550000000;;;;9.90;933
Songtradr;;12000000;21240000;3;;;9.20;935
Quibi;;1000000000;1000000000;11;;;8.80;935
Quantcast;50000000;7999999;65299999;4;;;8.50;936
Pixeom;1000000;15000000;15000000;3;;;9.90;938
Petrobras;;;6750000000;1;;;-2.40;938
WorldRemit;;40000000;232655000;8;;;-0.30;940
Pagaya Investments;;25000000;119250000;8;;;8.40;941
VentureBeat;;3278474;3598474;13;;;4.60;942
Five9;;30000000;114100000;7;70000000;322332570;6.10;943
TRIBE;1000000;7500000;12295586;3;;;8.50;943
Agari;1000000;40000000;84700000;9;;;6.00;944
Castle;;2500000;3272000;11;;;8.00;945
Swiggy;10000000;1000000000;1465500000;13;;;-0.20;947
Academia.edu;;16000000;33800000;11;;;8.70;947
REBEL;;4386892;9627005;5;;;-0.50;949
Dataminr;10000000;;577012621;25;;;-0.20;950
WP Engine;;250000000;290715694;9;;;5.90;950
R3;;5000000;112000000;43;;;7.80;951
Ten-X;;50000000;141750000;3;;;4.90;952
LoungeBuddy;;3000000;4000000;10;;;9.30;953
Tinkergarten;;21000000;29295000;17;;;9.50;955
Novo Nordisk;;22000000;22000000;;;;-3.50;956
Bulb;10000000;;80661885;4;;;1.60;957
Northern Arc;;131774150;202814549;6;;;9.40;958
Dosh;1000000;20000000;87000000;9;;;8.20;959
Cadre;;65000000;133300000;15;;;7.90;960
Partners Group;;500000000;500000000;;;;-3.70;960
Zocdoc;;;223000000;16;;;5.60;961
BlueVine;;12000000;590000000;17;;;6.70;963
Anomali;1000000;40000000;96300000;11;;;7.20;964
Sears;;350000000;350000000;1;;;-2.50;965
KONUX;10000000;;51533908;17;;;7.20;966
Douyu TV;;630654507;1127827857;5;;;-0.60;967
Daraz.pk;;;55600000;3;;;5.90;968
Kemp;10000000;6000000;27999992;3;;;9.50;968
Smule;;20000000;176450000;11;;;6.30;970
Payoneer;10000000;;270000000;18;;;5.90;971
Landit;;13000000;17600000;16;;;9.30;971
GamingMonk;1000000;100000;695480;6;;;8.60;973
Faction;1000000;14000000;49000000;9;;;9.10;974
Brain Corp;;114000000;125000000;2;;;-1.10;974
OneLogin;;100000000;175200000;8;;;-5.60;975
Sysdig;;68500000;121500000;3;;;3.60;977
Breather;;45000000;122500000;22;;;5.90;978
Electron;;;1870239;3;;;7.60;979
Azimo;1000000;20000000;66000000;19;;;5.60;979
HiMama;1000000;5438900;5438900;1;;;9.90;981
AppLovin;10000000;400000000;1385000000;4;;;4.40;981
The Pill Club;1000000;51000000;61654570;7;;;7.80;983
Faire;;60000000;115950000;8;;;-1.10;984
Roadie;;37000000;62025000;10;;;7.80;984
BeatO;1000000;1702464;3002464;5;;;9.40;985
ipsy;10000000;100000000;103235793;6;;;3.40;986
Artsy;;50000000;100880053;41;;;7.40;988
Strava;;;41850000;5;;;6.90;988
NEXT Trucking;;97000000;124260000;8;;;5.90;990
Contentful;1000000;33500000;78300000;10;;;-1.00;991
Munchery;;;125419000;21;;;0.10;992
Pantera Capital;;;;;;;9.60;992
Adaptive Biotechnologies;;195000000;406850000;5;;;3.10;994
Verily;;1000000000;1800000000;2;;;-1.20;994
Cardinal Analytx Solutions;1000000;20600000;26700000;3;;;9.00;995
Cockroach Labs;;27000000;53500000;9;;;-0.10;997
HeadSpin;;20000000;20000000;14;;;5.40;998
Pear Therapeutics;;64000000;134000000;9;;;-1.50;998
Justworks;1000000;40000000;93000000;10;;;6.20;999
